{
  "img_000001_1.png": {
    "body_pose": [-1.9926e-01,  1.5669e-02,  6.7887e-02, -2.4276e-01, -7.9307e-02,
         -6.7815e-02,  2.5603e-01, -2.6243e-03, -1.7508e-02,  3.9828e-01,
         -7.0214e-02, -9.3203e-02,  5.3329e-01, -6.3952e-02,  2.1929e-02,
         -1.4301e-01, -7.3105e-04, -1.2071e-02,  1.0395e-01,  1.9549e-01,
         -5.1633e-02,  7.4854e-02, -2.5123e-01,  9.9949e-02,  2.7522e-02,
         -2.8210e-02,  2.0489e-02, -1.0890e-04, -7.5424e-05, -1.6335e-05,
         -1.5557e-04,  1.1605e-04, -6.9068e-05, -1.3826e-01, -5.3643e-02,
         -5.6931e-02,  4.1658e-02,  1.9217e-01, -3.4766e-01, -3.2255e-03,
         -1.1692e-01,  3.4387e-01, -1.4052e-01,  2.9747e-02,  4.0114e-02,
          3.0095e-03,  4.9909e-03, -4.9552e-01,  1.4473e-01, -4.0038e-02,
          5.6348e-01, -3.5822e-02, -6.6779e-01,  3.6975e-02, -1.3243e-01,
          5.0178e-01, -5.1519e-02, -1.2467e-01, -1.4810e-01,  1.8681e-01,
         -4.3546e-02,  7.4236e-02, -2.0457e-01,  0.0000e+00,  0.0000e+00,
          0.0000e+00,  0.0000e+00,  0.0000e+00,  0.0000e+00],

    "betas": [ 1.3908,  1.0934,  0.2792, -1.5331, -0.3454, -1.2049, -0.0922,  0.6594,
          0.0333, -0.4080],

    "global_orient": [ 3.0422, -0.0334,  0.0688],

    "transl": [-5.2587111e-03, 9.5774055e-02, 2.0827456e+01]
  },

  "img_000001_2.png": {
    "body_pose": [-7.1723e-02,  4.8676e-02,  3.6342e-02, -5.1465e-02, -1.0830e-01,
         -2.3176e-02,  1.3794e-01,  4.8474e-02, -1.3018e-02,  5.5921e-02,
         -2.8495e-02, -2.5193e-02,  1.5396e-01, -4.6738e-02,  2.2111e-02,
         -1.3557e-01,  8.6667e-03, -3.4849e-02, -1.0750e-02,  2.6025e-01,
         -2.6537e-02,  3.7046e-03, -2.1526e-01,  1.1111e-01, -7.1103e-03,
          2.1766e-02,  8.3844e-03, -5.9282e-05, -8.4203e-05,  2.6899e-05,
         -1.3846e-04,  1.3801e-04, -9.0524e-05, -1.9727e-01, -1.8354e-02,
          2.2977e-03, -3.9136e-02,  7.5408e-02, -2.7796e-01, -3.7217e-02,
          4.0012e-02,  2.7683e-01, -7.2983e-02, -2.6290e-02,  7.4748e-02,
          1.5922e-02, -4.8011e-02, -5.5173e-01, -5.6225e-03,  1.1692e-01,
          5.2210e-01, -1.4863e-01, -1.1844e-01,  3.8539e-02, -2.6215e-01,
          5.5239e-02, -7.3086e-02, -6.2877e-02, -1.0211e-01,  1.5385e-01,
         -6.8227e-02,  5.0112e-02, -5.2014e-02,  0.0000e+00,  0.0000e+00,
          0.0000e+00,  0.0000e+00,  0.0000e+00,  0.0000e+00],

    "betas": [ 1.5894,  1.4146,  0.7180, -1.8293,  0.1804, -0.9848, -0.4586,  0.5601,
         -0.1936,  0.1478],

    "global_orient": [ 3.0940, -0.0442,  0.9080],

    "transl": [1.4889557e-02, 9.1435865e-02, 2.1221514e+01]
  },

  "img_000001_3.png": {
    "body_pose": [ 6.3069e-02,  8.1323e-02,  9.1725e-02, -1.9610e-02, -9.7574e-02,
         -4.8093e-02,  3.2669e-02,  5.5615e-02, -8.8275e-02, -7.8584e-02,
         -1.5809e-01, -8.8887e-03,  3.2141e-02,  1.2792e-02, -3.2572e-03,
         -2.5250e-02, -1.3313e-02, -7.1933e-02, -1.0518e-01,  2.1926e-01,
         -1.5639e-02, -1.1109e-01, -1.9879e-01,  8.7125e-02, -4.2759e-02,
          2.9560e-02, -3.1490e-02, -5.0915e-05, -5.2974e-05,  9.4343e-05,
         -1.5985e-04,  7.5513e-05, -7.3171e-05, -8.6278e-02, -1.0732e-02,
         -2.0429e-02, -6.1510e-02,  3.9401e-02, -1.6675e-01,  1.1752e-02,
          1.4369e-02,  1.4107e-01, -1.3628e-01, -1.0071e-01,  1.5231e-01,
          7.2533e-02, -1.6210e-01, -6.2564e-01,  1.2893e-01,  4.3886e-02,
          8.6994e-01,  8.1778e-03, -3.4458e-02, -6.1710e-03,  6.9677e-02,
          7.2832e-02, -6.6060e-03,  3.5957e-02, -1.8444e-01, -1.7824e-01,
         -1.2845e-01,  8.9038e-02,  3.0051e-01,  0.0000e+00,  0.0000e+00,
          0.0000e+00,  0.0000e+00,  0.0000e+00,  0.0000e+00],
    "betas": [ 1.2806,  1.3442, -0.1311, -2.1087,  0.1119, -0.4070, -0.2130,  0.7793,
         -0.0422,  0.2025],

    "global_orient": [ 2.7520, -0.1350,  1.6863],

    "transl": [ 0.03060555,  0.07478535, 20.409779  ]
  },

  "img_000001_4.png": {
    "body_pose": [-6.8257e-02,  7.0569e-02,  1.4283e-01, -8.1560e-02, -7.9417e-02,
         -1.2659e-01,  1.0107e-01,  3.2654e-02, -2.7905e-02,  1.7964e-02,
         -1.1412e-01, -1.2134e-02,  1.0307e-01,  4.1368e-02, -9.4551e-03,
         -2.6785e-02, -4.8038e-02, -3.0875e-02, -9.0290e-02,  2.1996e-01,
         -4.1915e-02, -1.0977e-01, -1.8288e-01,  1.0845e-01, -3.2364e-02,
          1.3531e-02,  1.0956e-03, -8.1419e-05, -1.9081e-05,  4.2248e-05,
         -1.4960e-04,  9.3448e-05, -2.2390e-05, -3.1428e-02,  4.2435e-02,
         -3.7506e-02, -6.5324e-02, -6.0921e-02, -2.4128e-01,  2.2674e-03,
          7.9878e-02,  2.1599e-01, -1.2872e-01,  1.6868e-02,  1.1370e-01,
          8.4330e-02, -2.0449e-01, -6.3888e-01,  7.4293e-02,  6.9411e-02,
          6.4184e-01,  9.7241e-03, -1.7360e-01,  2.5938e-02,  7.4566e-02,
          3.0033e-01, -6.3253e-02,  7.7232e-02, -1.9697e-01, -6.8960e-03,
          3.4334e-02,  1.5795e-01, -1.2195e-02,  0.0000e+00,  0.0000e+00,
          0.0000e+00,  0.0000e+00,  0.0000e+00,  0.0000e+00],
    "betas": [ 1.5011,  1.1408, -0.3965, -2.3738, -0.1736,  0.0872, -0.1869,  0.4270,
         -0.1785,  0.2090],

    "global_orient": [ 2.2372, -0.1320,  2.3201],

    "transl": [ 0.03117955,  0.06471594, 20.746994  ]
  },

  "img_000001_5.png": {
    "body_pose": [-1.1334e-01,  8.1155e-02,  1.8409e-01, -1.1291e-01, -9.9598e-02,
         -1.2667e-01,  1.8225e-01,  5.7687e-02, -7.9570e-02, -3.7034e-04,
         -6.8768e-02, -1.9543e-02,  6.1381e-02,  1.3967e-02,  3.7465e-03,
         -9.3803e-02, -1.4119e-02, -5.8078e-02, -7.4931e-02,  2.0904e-01,
         -4.0601e-02, -2.4685e-02, -1.3270e-01,  1.8412e-01, -2.5930e-03,
          3.0120e-02,  9.7842e-03, -3.4119e-05, -5.6196e-05,  3.5956e-05,
         -1.4019e-04,  1.1303e-04, -6.3143e-05, -5.2345e-02,  1.2317e-01,
         -1.6308e-02, -7.4032e-02, -6.5991e-02, -1.4406e-01, -2.8526e-03,
          1.4391e-01,  2.0088e-01, -4.0991e-02,  3.2517e-02,  9.3918e-02,
          3.6231e-02, -1.9171e-01, -6.0096e-01,  7.5960e-02,  2.4464e-01,
          7.1823e-01,  4.2249e-02, -4.2147e-02,  9.1024e-03,  3.7066e-02,
          1.4842e-01, -2.7630e-02,  9.8799e-02, -1.7944e-01,  2.2700e-01,
          4.6011e-02,  1.3230e-01, -1.2410e-01,  0.0000e+00,  0.0000e+00,
          0.0000e+00,  0.0000e+00,  0.0000e+00,  0.0000e+00],
    "betas": [ 1.6191,  1.7323, -0.3910, -2.4359, -0.1741, -0.3871, -0.5420,  0.8453,
          0.0333,  0.2986],

    "global_orient": [ 1.7902, -0.0621,  2.6401],

    "transl": [5.3466582e-03, 6.0150083e-02, 2.1165041e+01]
  },

  "img_000001_6.png": {
    "body_pose": [-3.6911e-02,  4.5690e-02,  7.2684e-02, -1.4059e-02, -9.1261e-02,
         -6.2673e-02,  1.5947e-01,  3.5358e-02,  1.9077e-03,  6.5074e-02,
         -1.1415e-01, -1.8131e-02,  1.2060e-01,  4.1134e-02,  5.7671e-03,
         -4.6186e-02, -5.4731e-02, -3.0242e-03, -1.3288e-01,  2.2974e-01,
         -9.8365e-03, -1.6241e-01, -1.7584e-01,  6.2481e-02, -1.0427e-02,
          9.8448e-03,  1.1155e-02, -5.1996e-05, -5.6409e-05,  2.7637e-05,
         -1.4357e-04,  8.8024e-05, -6.5505e-05, -4.7380e-02,  5.5290e-02,
         -5.5288e-02, -7.6133e-02, -1.5615e-01, -1.8140e-01, -2.7424e-02,
          1.8025e-01,  2.2631e-01, -1.0336e-02, -8.1075e-03,  5.6387e-02,
          2.1450e-02, -2.9730e-01, -5.7790e-01,  2.0247e-02,  2.1389e-01,
          5.9749e-01,  2.6078e-02, -1.1435e-01, -1.4658e-02, -7.2158e-02,
          8.8459e-02, -3.9470e-02,  5.4584e-02, -1.4032e-01,  5.8893e-02,
          8.8083e-03,  1.2323e-01,  2.5791e-03,  0.0000e+00,  0.0000e+00,
          0.0000e+00,  0.0000e+00,  0.0000e+00,  0.0000e+00],
    "betas": [ 1.3429,  2.0102, -0.6728, -1.8852, -0.4565,  0.1685,  0.5322,  0.1070,
         -0.1325, -0.2492],

    "global_orient": [ 0.7323, -0.1798,  3.0502],

    "transl": [9.7024851e-03, 8.1456140e-02, 2.1302254e+01]
  },